objectPath,objectName,objectType,id
/Explore/MWHCM_PSGB_OB_SAWS,M_MWHCM_PS_OB_SAWS_02,DTEMPLATE,5UpmcCop1rreRNiamUojs6
/SYS,SA_Active,AgentGroup,91LPbdyrEKyfSdx3tW3S00
/Explore/MWHCM_PSGB_OB_SAWS,M_MWHCM_PSGB_OB_SAWS_JOBHOME_FTBL_08,DTEMPLATE,hV6ewgRqICbiFrwXZjQNIX
/Explore/MWHCM_PSGB_OB_SAWS,MCT_MWHCM_PSGB_OB_SAWS_JOBHOME_FTBL_08,MTT,ikzCTobsz8diBpwnfoyJIJ
/SYS,FF_HCMERP_EU_PRCSS,Connection,9GrfygfayL1ch1X5Eswqy9
/SYS,MSSQL_HCMMW_FNL,Connection,hF00hIJFvgmkrT5yntnfSo
/Explore/MWHCM_PSGB_OB_SAWS,M_MWHCM_PSGB_OB_SAWS_JOBHOME_FTBL_FF_09,DTEMPLATE,8XiX3fxzOgEfFJe24QUHcb
/Explore/MWHCM_PSGB_OB_SAWS,MCT_MWHCM_PSGB_OB_SAWS_JOBHOME_FTBL_FF_09,MTT,0THqgWrWYELcR2MAKQxgEV
/SYS,MSSQL_HCMMW_STG,Connection,0yt9FXkd9oliTLJM7ZrC4k
/Explore,MWHCM_PSGB_OB_SAWS,Project,hvJLqdog6CVhCKisS1Yf2L
/Explore/MWHCM_PSGB_OB_SAWS,MCT_MWHCM_PS_OB_SAWS_02,MTT,68Pelc6j2Kzemyh7PXmY06