{
  "name" : "job-1683038901524",
  "sourceOrgId" : "48NyYlHCpPKgVf7ZDCZQMl",
  "sourceOrgName" : "Ford HR Dev 2",
  "exportedObjects" : [ {
    "objectGuid" : "5UpmcCop1rreRNiamUojs6",
    "objectName" : "M_MWHCM_PS_OB_SAWS_02",
    "objectType" : "DTEMPLATE",
    "path" : "/Explore/MWHCM_PSGB_OB_SAWS",
    "metadata" : {
      "modelVersion" : {
        "major" : 0,
        "minor" : 0
      },
      "repoInfo" : {
        "repoHandle" : "00001917000000000342"
      },
      "objectRefs" : [ "9GrfygfayL1ch1X5Eswqy9", "hF00hIJFvgmkrT5yntnfSo" ],
      "contextAttributes" : [ {
        "name" : "id",
        "value" : "@1"
      } ],
      "additionalInfo" : {
        "description" : "This Mapping is used to load the SAWS daily feed record in th FMC_SAWS_TOS_ASSGN table in HCMMWFNL  connection",
        "contentType" : "JSON",
        "documentState" : "VALID"
      }
    }
  }, {
    "objectGuid" : "91LPbdyrEKyfSdx3tW3S00",
    "objectName" : "SA_Active",
    "objectType" : "AgentGroup",
    "path" : "/SYS",
    "metadata" : {
      "modelVersion" : {
        "major" : 0,
        "minor" : 0
      },
      "repoInfo" : {
        "repoHandle" : "00001925000000000007"
      },
      "objectRefs" : [ ],
      "contextAttributes" : [ {
        "name" : "id",
        "value" : "@1"
      } ],
      "additionalInfo" : {
        "description" : null,
        "contentType" : "JSON",
        "documentState" : "VALID"
      }
    }
  }, {
    "objectGuid" : "hV6ewgRqICbiFrwXZjQNIX",
    "objectName" : "M_MWHCM_PSGB_OB_SAWS_JOBHOME_FTBL_08",
    "objectType" : "DTEMPLATE",
    "path" : "/Explore/MWHCM_PSGB_OB_SAWS",
    "metadata" : {
      "modelVersion" : {
        "major" : 0,
        "minor" : 0
      },
      "repoInfo" : {
        "repoHandle" : "000019170000000002NI"
      },
      "objectRefs" : [ "hF00hIJFvgmkrT5yntnfSo", "0yt9FXkd9oliTLJM7ZrC4k" ],
      "contextAttributes" : [ {
        "name" : "id",
        "value" : "@1"
      } ],
      "additionalInfo" : {
        "description" : "This mapping loaded  JOB HOME information for SAWS interface from FNL ()View to FTPL  (MWHCM_PSGB_OB_SAWS_JOBHOME_FTBL) table",
        "contentType" : "JSON",
        "documentState" : "VALID"
      }
    }
  }, {
    "objectGuid" : "ikzCTobsz8diBpwnfoyJIJ",
    "objectName" : "MCT_MWHCM_PSGB_OB_SAWS_JOBHOME_FTBL_08",
    "objectType" : "MTT",
    "path" : "/Explore/MWHCM_PSGB_OB_SAWS",
    "metadata" : {
      "modelVersion" : {
        "major" : 0,
        "minor" : 0
      },
      "repoInfo" : {
        "repoHandle" : "0000190Z0000000002EX"
      },
      "objectRefs" : [ "91LPbdyrEKyfSdx3tW3S00", "hV6ewgRqICbiFrwXZjQNIX", "hF00hIJFvgmkrT5yntnfSo", "0yt9FXkd9oliTLJM7ZrC4k" ],
      "contextAttributes" : [ {
        "name" : "id",
        "value" : "@1"
      } ],
      "additionalInfo" : {
        "description" : "This mapping task loaded  JOB HOME information for SAWS interface from FNL (MWHCM_PSGB_OB_SAWS_JOBHOME_08_VW)View to FTPL  (MWHCM_PSGB_OB_SAWS_JOBHOME_FTBL) table",
        "contentType" : "JSON",
        "documentState" : "VALID"
      }
    }
  }, {
    "objectGuid" : "9GrfygfayL1ch1X5Eswqy9",
    "objectName" : "FF_HCMERP_EU_PRCSS",
    "objectType" : "Connection",
    "path" : "/SYS",
    "metadata" : {
      "modelVersion" : {
        "major" : 0,
        "minor" : 0
      },
      "repoInfo" : {
        "repoHandle" : "0000190B00000000007K"
      },
      "objectRefs" : [ "91LPbdyrEKyfSdx3tW3S00" ],
      "contextAttributes" : [ {
        "name" : "id",
        "value" : "@1"
      } ],
      "additionalInfo" : {
        "description" : "Flat file connection for HCMERP EU Processing",
        "contentType" : "JSON",
        "documentState" : "COMPLETE"
      }
    }
  }, {
    "objectGuid" : "hF00hIJFvgmkrT5yntnfSo",
    "objectName" : "MSSQL_HCMMW_FNL",
    "objectType" : "Connection",
    "path" : "/SYS",
    "metadata" : {
      "modelVersion" : {
        "major" : 0,
        "minor" : 0
      },
      "repoInfo" : {
        "repoHandle" : "0000190B000000000068"
      },
      "objectRefs" : [ "91LPbdyrEKyfSdx3tW3S00" ],
      "contextAttributes" : [ {
        "name" : "id",
        "value" : "@1"
      } ],
      "additionalInfo" : {
        "description" : null,
        "contentType" : "JSON",
        "documentState" : "COMPLETE"
      }
    }
  }, {
    "objectGuid" : "8XiX3fxzOgEfFJe24QUHcb",
    "objectName" : "M_MWHCM_PSGB_OB_SAWS_JOBHOME_FTBL_FF_09",
    "objectType" : "DTEMPLATE",
    "path" : "/Explore/MWHCM_PSGB_OB_SAWS",
    "metadata" : {
      "modelVersion" : {
        "major" : 0,
        "minor" : 0
      },
      "repoInfo" : {
        "repoHandle" : "000019170000000002NK"
      },
      "objectRefs" : [ "9GrfygfayL1ch1X5Eswqy9", "0yt9FXkd9oliTLJM7ZrC4k" ],
      "contextAttributes" : [ {
        "name" : "id",
        "value" : "@1"
      } ],
      "additionalInfo" : {
        "description" : "This Mapping generates the SAWS interface Job home file from the view MWHCM_PSGB_OB_SAWS_JOBHOME_FF_07_VW",
        "contentType" : "JSON",
        "documentState" : "VALID"
      }
    }
  }, {
    "objectGuid" : "0THqgWrWYELcR2MAKQxgEV",
    "objectName" : "MCT_MWHCM_PSGB_OB_SAWS_JOBHOME_FTBL_FF_09",
    "objectType" : "MTT",
    "path" : "/Explore/MWHCM_PSGB_OB_SAWS",
    "metadata" : {
      "modelVersion" : {
        "major" : 0,
        "minor" : 0
      },
      "repoInfo" : {
        "repoHandle" : "0000190Z0000000002EZ"
      },
      "objectRefs" : [ "9GrfygfayL1ch1X5Eswqy9", "91LPbdyrEKyfSdx3tW3S00", "8XiX3fxzOgEfFJe24QUHcb", "0yt9FXkd9oliTLJM7ZrC4k" ],
      "contextAttributes" : [ {
        "name" : "id",
        "value" : "@1"
      } ],
      "additionalInfo" : {
        "description" : "This Mapping task generates the SAWS interface Job home file from the view MWHCM_PSGB_OB_SAWS_JOBHOME_FF_07_VW",
        "contentType" : "JSON",
        "documentState" : "VALID"
      }
    }
  }, {
    "objectGuid" : "0yt9FXkd9oliTLJM7ZrC4k",
    "objectName" : "MSSQL_HCMMW_STG",
    "objectType" : "Connection",
    "path" : "/SYS",
    "metadata" : {
      "modelVersion" : {
        "major" : 0,
        "minor" : 0
      },
      "repoInfo" : {
        "repoHandle" : "0000190B00000000005U"
      },
      "objectRefs" : [ "91LPbdyrEKyfSdx3tW3S00" ],
      "contextAttributes" : [ {
        "name" : "id",
        "value" : "@1"
      } ],
      "additionalInfo" : {
        "description" : null,
        "contentType" : "JSON",
        "documentState" : "COMPLETE"
      }
    }
  }, {
    "objectGuid" : "hvJLqdog6CVhCKisS1Yf2L",
    "objectName" : "MWHCM_PSGB_OB_SAWS",
    "objectType" : "Project",
    "path" : "/Explore",
    "metadata" : {
      "modelVersion" : {
        "major" : 0,
        "minor" : 0
      },
      "repoInfo" : null,
      "objectRefs" : [ ],
      "contextAttributes" : [ ],
      "additionalInfo" : {
        "description" : "This folder is for PS global outbound SAWS interface",
        "contentType" : "Binary",
        "documentState" : "COMPLETE"
      }
    }
  }, {
    "objectGuid" : "68Pelc6j2Kzemyh7PXmY06",
    "objectName" : "MCT_MWHCM_PS_OB_SAWS_02",
    "objectType" : "MTT",
    "path" : "/Explore/MWHCM_PSGB_OB_SAWS",
    "metadata" : {
      "modelVersion" : {
        "major" : 0,
        "minor" : 0
      },
      "repoInfo" : {
        "repoHandle" : "0000190Z00000000033O"
      },
      "objectRefs" : [ "5UpmcCop1rreRNiamUojs6", "9GrfygfayL1ch1X5Eswqy9", "91LPbdyrEKyfSdx3tW3S00", "hF00hIJFvgmkrT5yntnfSo" ],
      "contextAttributes" : [ {
        "name" : "id",
        "value" : "@1"
      } ],
      "additionalInfo" : {
        "description" : "This mapping task is used to load the extract to final table",
        "contentType" : "JSON",
        "documentState" : "VALID"
      }
    }
  } ]
}